,Ticker,Headline,Date,Source,Link,neutral,negative,positive,compound
0,ADANIENT,"Top Gainers and Losers today on 28 August, 2024: LTI Mindtree, Wipro, Asian Paints, Adani Enterprises among most active stocks; Check full list here | Stock Market News",2024-08-28 11:32:45,mint,https://www.livemint.com/market/stock-market-news/top-gainers-and-losers-today-on-28-august-2024-lti-mindtree-wipro-asian-paints-adani-enterprises-among-most-active-stocks-check-full-list-here-11724841197707.html,0.8820540904998779,0.07266176491975784,0.04528416693210602,-0.027377597987651825
1,ADANIENT,Adani Enterprises Ltd drops for fifth straight session,2024-08-28 11:32:45,Business Standard,https://www.business-standard.com/markets/capital-market-news/adani-enterprises-ltd-drops-for-fifth-straight-session-124082800531_1.html,0.035346869379282,0.9549682140350342,0.009684953838586807,-0.9452832601964474
2,ADANIENT,Hindenburg widens its attack on Adani,2024-08-16 11:32:45,The Economist,https://www.economist.com/business/2024/08/15/hindenburg-widens-its-attack-on-adani,0.7093248963356018,0.22450536489486694,0.06616974622011185,-0.1583356186747551
3,ADANIENT,$2.4 billion wiped off Adani shares after Hindenburg allegations against regulator,2024-08-16 11:32:45,Reuters,https://www.reuters.com/markets/asia/indias-adani-shares-drop-after-hindenburg-allegations-sebi-chairs-past-2024-08-12/,0.023372596129775047,0.9665712714195251,0.01005615759640932,-0.9565151138231158
4,ADANIENT,Billionaire Gautam Adani’s Fortune Slips Again After Hindenburg Targets Indian Regulator,2024-08-16 11:32:45,Forbes,https://www.forbes.com/sites/siladityaray/2024/08/12/billionaire-gautam-adanis-fortune-slips-again-after-hindenburg-report-targets-indian-regulator/,0.04156477749347687,0.9438485503196716,0.014586608856916428,-0.9292619414627552
5,ADANIENT,Adani Group shares shed billions after Hindenburg allegations against regulator,2024-08-16 11:32:45,CNBC,https://www.cnbc.com/2024/08/12/adani-group-shares-fall-after-hindenburg-allegations-against-regulator.html,0.019774604588747025,0.9617635011672974,0.018461935222148895,-0.9433015659451485
6,ADANIPORTS,"Top Gainers and Losers today on 28 August, 2024: LTI Mindtree, Wipro, Asian Paints, Adani Enterprises among most active stocks; Check full list here",2024-08-28 11:32:46,Livemint,https://www.livemint.com/market/stock-market-news/top-gainers-and-losers-today-on-28-august-2024-lti-mindtree-wipro-asian-paints-adani-enterprises-among-most-active-stocks-check-full-list-here-11724841197707.html,0.87455815076828,0.08141367137432098,0.044028207659721375,-0.03738546371459961
7,ADANIPORTS,"Adani Power Share Price Highlights : Adani Power closed today at ₹644.15, up 0.42% from yesterday's ₹641.45",2024-08-29 14:32:46,Livemint,https://www.livemint.com/market/live-blog/adani-power-share-price-today-latest-live-updates-on-29-aug-2024-11724898625816.html,0.022271374240517616,0.025917304679751396,0.9518113136291504,0.925894008949399
8,ADANIPORTS,"Actionable Trading Ideas, Real-Time News, Financial Insight",2024-08-27 11:32:46,Benzinga,https://in.benzinga.com/content/40568636/jsw-infra-jumps-5-on-bullish-outlook-from-jefferies-fitch,0.9168139100074768,0.01519494317471981,0.06799118965864182,0.052796246483922005
9,ADANIPORTS,"Adani Ent Share Price Highlights : Adani Ent closed today at ₹3019.9, down -0.06% from yesterday's ₹3021.75",2024-08-30 10:32:46,Livemint,https://www.livemint.com/market/live-blog/adani-ent-share-price-today-latest-live-updates-on-30-aug-2024-11724985076773.html,0.017331551760435104,0.975396990776062,0.007271479349583387,-0.9681255114264786
10,ADANIPORTS,"Adani Green Energy Share Price Highlights : Adani Green Energy closed today at ₹1829.4, down -1.72% from yesterday's ₹1861.45",2024-08-29 15:32:46,Livemint,https://www.livemint.com/market/live-blog/adani-green-energy-share-price-today-latest-live-updates-on-29-aug-2024-11724898635310.html,0.017832782119512558,0.9753022789955139,0.00686500733718276,-0.9684372716583312
11,ADANIPORTS,"Adani Ent Share Price Highlights : Adani Ent closed today at ₹3021.75, down -0.03% from yesterday's ₹3022.75",2024-08-29 15:32:46,Livemint,https://www.livemint.com/market/live-blog/adani-ent-share-price-today-latest-live-updates-on-29-aug-2024-11724898782996.html,0.01713409833610058,0.9755000472068787,0.007365834433585405,-0.9681342127732933
12,APOLLOHOSP,Asian Stocks Rebound After Upbeat US Economic Data: Markets Wrap,2024-08-29 23:32:46,Bloomberg,https://www.bloomberg.com/news/articles/2024-08-29/stock-market-today-dow-s-p-live-updates,0.07244457304477692,0.34086090326309204,0.5866945385932922,0.2458336353302002
13,APOLLOHOSP,S&P 500 futures climb as traders brace for key inflation report: Live updates,2024-08-30 09:32:46,CNBC,https://www.cnbc.com/2024/08/29/stock-market-today-live-updates.html,0.6758043766021729,0.2479325532913208,0.07626305520534515,-0.17166949808597565
14,APOLLOHOSP,"Dow stock index adds more than 200 points, closes at a record high",2024-08-29 21:32:46,NBC News,https://www.nbcnews.com/business/markets/dow-stock-index-adds-200-points-closes-new-record-high-rcna168882,0.3582451343536377,0.03665020316839218,0.6051047444343567,0.5684545412659645
15,APOLLOHOSP,"Stock market today: Dow hits another record, S&P 500, Nasdaq waver as investors shrug off Nvidia share drop",2024-08-29 20:32:46,Yahoo Finance,https://finance.yahoo.com/news/stock-market-today-dow-hits-another-record-sp-500-nasdaq-waver-as-investors-shrug-off-nvidia-share-drop-200034322.html,0.11293137818574905,0.6800694465637207,0.20699919760227203,-0.47307024896144867
16,APOLLOHOSP,"Futures Rise Ahead Of Jobless Claims, GDP",2024-08-29 14:32:46,Investor's Business Daily,https://www.investors.com/market-trend/stock-market-today/dow-jones-sp500-nasdaq-nvidia-earnings-nvda-stock-jobless-claims/,0.10911229997873306,0.5917373895645142,0.2991502285003662,-0.29258716106414795
17,APOLLOHOSP,Stock Market News: Dow Notches a Record,2024-08-30 00:32:46,Barron's,https://www.barrons.com/livecoverage/stock-market-today-082924,0.054612722247838974,0.14805421233177185,0.7973330616950989,0.649278849363327
18,ASIANPAINT,"Top Gainers and Losers today on 28 August, 2024: LTI Mindtree, Wipro, Asian Paints, Adani Enterprises among most active stocks; Check full list here",2024-08-28 11:32:45,Livemint,https://www.livemint.com/market/stock-market-news/top-gainers-and-losers-today-on-28-august-2024-lti-mindtree-wipro-asian-paints-adani-enterprises-among-most-active-stocks-check-full-list-here-11724841197707.html,0.87455815076828,0.08141367137432098,0.044028207659721375,-0.03738546371459961
19,ASIANPAINT,Mumbai: 53-Year-Old PPG Asian Paints Manager Loses ₹51.36 Lakh To Investment Fraud,2024-08-29 11:32:45,Free Press Journal,https://www.freepressjournal.in/mumbai/mumbai-53-year-old-ppg-asian-paints-manager-loses-5136-lakh-to-investment-fraud,0.0691136047244072,0.8989980220794678,0.031888335943222046,-0.8671096861362457
20,ASIANPAINT,"With EPS Growth And More, Asian Paints (NSE:ASIANPAINT) Makes An Interesting Case",2024-08-23 11:32:45,Simply Wall Street,https://simplywall.st/stocks/in/materials/nse-asianpaint/asian-paints-shares/news/with-eps-growth-and-more-asian-paints-nseasianpaint-makes-an,0.5933338403701782,0.008475572802126408,0.39819055795669556,0.38971498515456915
21,AXISBANK,"What Is UPI Lite? - Meaning, Features & Uses",2024-08-24 11:32:48,Axis Bank,https://www.axisbank.com/progress-with-us-articles/digital-banking/what-is-upi-lite,0.9460180401802063,0.02753704972565174,0.026444869115948677,-0.001092180609703064
22,AXISBANK,Axis Bank weighs stake sale or listing for NBFC unit Axis Finance: Report,2024-08-23 11:32:48,Moneycontrol,https://www.moneycontrol.com/news/business/companies/axis-bank-weighs-stake-sale-or-listing-for-nbfc-unit-axis-finance-report-12802284.html,0.9487823843955994,0.03148667514324188,0.01973099447786808,-0.011755680665373802
23,AXISBANK,"ICICI Bank, SBI among top 5 BFSI stock picks with up to 27% upside: Axis Securities",2024-08-23 11:32:48,The Economic Times,https://m.economictimes.com/markets/stocks/news/icici-bank-sbi-among-top-5-bfsi-stock-picks-with-up-to-27-upside-axis-securities/icici-bank-cmp-rs-1176/slideshow/112648050.cms,0.5467509031295776,0.013820784166455269,0.43942829966545105,0.4256075154989958
24,BAJAJ-AUTO,Bajaj Auto Limited's (NSE:BAJAJ-AUTO) Stock Is Going Strong: Have Financials A Role To Play?,2024-08-28 11:32:49,Simply Wall Street,https://simplywall.st/stocks/in/automobiles/nse-bajaj-auto/bajaj-auto-shares/news/bajaj-auto-limiteds-nsebajaj-auto-stock-is-going-strong-have,0.6235326528549194,0.015294252894818783,0.3611730635166168,0.34587881062179804
25,BAJFINANCE,"Sensex ends above 82K for first time, Nifty hits record high; RIL, Tata Motors, Bajaj twins lead gains",2024-08-29 11:32:48,Business Today,https://www.businesstoday.in/markets/market-commentary/story/sensex-ends-above-82k-for-first-time-nifty-hits-record-high-ril-tata-motors-bajaj-twins-lead-gains-443540-2024-08-29,0.07716825604438782,0.022697528824210167,0.9001342058181763,0.8774366769939661
26,BAJFINANCE,Reliance and IT stocks drive NIFTY50 to fresh record high; catch all market highlights,2024-08-29 13:32:48,Upstox,https://upstox.com/news/market-news/stocks/reliance-and-it-stocks-drive-nifty-50-to-fresh-record-high-catch-all-market-highlights/article-113599/,0.08263111114501953,0.01987222209572792,0.8974967002868652,0.8776244781911373
27,BAJFINANCE,"Bajaj Finance rises Tuesday, outperforms market",2024-08-27 11:32:48,MarketWatch,https://www.marketwatch.com/story/bajaj-finance-rises-tuesday-outperforms-market-7f17d598-b6a954d97512,0.037200022488832474,0.032885611057281494,0.9299144148826599,0.8970288038253784
28,BAJFINANCE,"Markets maintain green run for 11th straight day for first time in 17 years! Nifty at 25,150, Sensex ends 300 points",2024-08-29 11:32:48,The Financial Express,https://www.financialexpress.com/market/markets-maintain-green-run-for-11th-straight-day-for-first-time-in-17-years-nifty-at-25150-sensex-ends-300-points-3595969/,0.7163350582122803,0.04762202501296997,0.23604294657707214,0.18842092156410217
29,BAJFINANCE,"Sensex jumps 502 points to hit fresh all-time high of 82,637 in early trade; Nifty surges 105 points to new record peak of 25,257",2024-08-30 05:32:48,Telegraph India,https://www.telegraphindia.com/business/sensex-jumps-502-points-to-hit-fresh-all-time-high-of-82637-in-early-trade-nifty-surges-105-points-to-new-record-peak-of-25257/cid/2044555,0.0614120252430439,0.025723030790686607,0.9128649234771729,0.8871418926864862
30,BAJFINANCE,"Top gainers and losers on August 29: Tata Motors, Bajaj Finserv among top NIFTY movers",2024-08-29 13:32:48,Upstox,https://upstox.com/news/market-news/stocks/top-gainers-and-losers-on-august-29-bajaj-finserv-tata-motors-and-britannia-industries-among-top-nifty-movers-1/article-113593/,0.27700549364089966,0.0574200302362442,0.6655744910240173,0.6081544607877731
31,BAJAJFINSV,"Top Gainers and Losers today on 29 August, 2024: Tata Motors, Bajaj Finserv, Grasim Industries, Mahindra & Mahindra among most active stocks; Check full list here | Stock Market News",2024-08-29 11:32:49,mint,https://www.livemint.com/market/stock-market-news/top-gainers-and-losers-today-on-29-august-2024-tata-motors-bajaj-finserv-grasim-industries-mahindra-mahindra-among-most-active-stocks-check-full-list-here-11724927596759.html,0.8664979338645935,0.08682703971862793,0.04667506366968155,-0.04015197604894638
32,BAJAJFINSV,"Sensex, Nifty Close At All-Time High, Tata Motors and Bajaj Finance Top Gainers",2024-08-29 11:32:49,Argus News,https://argusenglish.in/article/business/sensex-nifty-close-at-all-time-high-tata-motors-and-bajaj-finance-top-gainers,0.12336713820695877,0.014968969859182835,0.8616639375686646,0.8466949677094817
33,BAJAJFINSV,"Bajaj Finance Ltd spurts 1.44%, up for fifth straight session",2024-08-30 07:32:49,Business Standard,https://www.business-standard.com/markets/capital-market-news/bajaj-finance-ltd-spurts-1-44-up-for-fifth-straight-session-124083000454_1.html,0.03521129861474037,0.027200542390346527,0.9375881552696228,0.9103876128792763
34,BAJAJFINSV,"Sensex, Nifty hit fresh all-time high levels in early trade",2024-08-30 06:32:49,Tribune India,https://www.tribuneindia.com/news/business/sensex-nifty-hit-fresh-all-time-high-levels-in-early-trade/,0.0417463555932045,0.02402450516819954,0.9342291355133057,0.9102046303451061
35,BAJAJFINSV,"Stock Market: Sensex, Nifty Hit New All-Time Highs In Early Trade; HDFC Bank, Bajaj Finserv Top Gainers",2024-08-30 05:32:49,Jagran English,https://english.jagran.com/business/stock-market-sensex-nifty-hit-new-alltime-highs-in-early-trade-hdfc-bank-bajaj-finserv-top-gainers-10184170,0.05461039021611214,0.019622618332505226,0.9257670640945435,0.9061444457620382
36,BAJAJFINSV,Sensex and Nifty close higher amid monthly F&O expiry,2024-08-29 11:32:49,The Hindu BusinessLine,https://www.thehindubusinessline.com/markets/stock-markets/sensex-and-nifty-close-higher-amid-monthly-fo-expiry/article68580843.ece,0.05600062012672424,0.05526401847600937,0.8887354135513306,0.8334713950753212
37,BPCL,"FIRST TRADE: Sensex opens higher by over 200 pts; Nifty near 24,650; BPCL top gainer",2024-08-23 11:32:51,Zee Business,https://www.zeebiz.com/market-news/news-sensex-nifty-stock-market-news-august-20-2024-broader-markets-dollar-index-falls-309375,0.034863367676734924,0.027834057807922363,0.9373025894165039,0.9094685316085815
38,BPCL,"Top Gainers and Losers today on 19 August, 2024: Hindalco Industries, Bharat Petroleum Corporation, Mahindra & Mahindra, Indusind Bank among most active stocks; Check full list here | Stock Market News",2024-08-23 11:32:51,Livemint,https://www.livemint.com/market/stock-market-news/top-gainers-and-losers-today-on-19-august-2024-hindalco-industries-bharat-petroleum-corporation-mahindra-mahindra-indusind-bank-among-most-active-stocks-check-full-list-here-11724063604376.html,0.8837398290634155,0.06521216779947281,0.051047977060079575,-0.014164190739393234
39,BPCL,"Kotak Mahindra Bank, Adani Enterprises among 10 largecap stocks where FIIs reduced exposure in Q1",2024-08-23 11:32:51,The Economic Times,https://m.economictimes.com/markets/stocks/news/kotak-mahindra-bank-adani-enterprises-among-10-largecap-stocks-where-fiis-reduced-exposure-in-q1/bpcl/slideshow/112698651.cms,0.4715282917022705,0.24455884099006653,0.28391289710998535,0.03935405611991882
40,BHARTIARTL,"Bajaj Finserv, Bharti Airtel among 6 Nifty50 stocks hitting new 52-week highs on Thursday",2024-08-29 11:32:51,The Economic Times,https://m.economictimes.com/markets/stocks/news/bajaj-finserv-bharti-airtel-among-6-nifty50-stocks-hitting-new-52-week-highs-on-thursday/on-a-high/slideshow/112893750.cms,0.08530762046575546,0.021137233823537827,0.8935551047325134,0.8724178709089756
41,BHARTIARTL,"3 stock recommendations by analysts for August 28, 2024: ITC, Bharti Airtel and HPCL",2024-08-28 11:32:51,BUSINESS TODAY,https://www.businesstoday.in/visualstories/stock/3-stock-recommendations-by-analysts-for-august-28-2024-itc-bharti-airtel-and-hpcl-165800-28-08-2024,0.9501651525497437,0.02560160495340824,0.024233214557170868,-0.0013683903962373734
42,BHARTIARTL,"Indus Towers emboldens Bharti Group, beats ICICI Group in Market Cap",2024-08-29 11:32:51,CNBC TV18,https://www.cnbctv18.com/market/indus-towers-emboldens-bharti-group-beats-icici-group-in-market-cap-19467189.htm,0.09022830426692963,0.030401943251490593,0.8793696761131287,0.8489677328616381
43,BHARTIARTL,Bharti Airtel Share Price,2024-03-30 11:32:51,Business Standard,https://www.business-standard.com/markets/bharti-airtel-ltd-share-price-15542.html,0.9450843334197998,0.025524646043777466,0.0293910913169384,0.0038664452731609344
44,BHARTIARTL,"Finance Minister, Edun, inaugurates new NSIA board, names ex Airtel CEO, Ogunsanya, as chair",2024-08-29 14:32:51,Ripples Nigeria,https://www.ripplesnigeria.com/finance-minister-edun-inaugurates-new-nsia-board-names-ex-airtel-ceo-ogunsanya-as-chair/,0.9261651039123535,0.04660492017865181,0.02723001502454281,-0.019374905154109
45,BHARTIARTL,Bharti Airtel Share Price Target 2024: Stock hits 52-week HIGH! Nooresh Merani recommends BUY rating,2024-08-29 11:32:51,ET Now,https://www.etnownews.com/markets/bharti-airtel-share-price-target-2024-stock-hits-52-week-high-nooresh-merani-recommendsbuyrating-article-112883573,0.25166961550712585,0.023069649934768677,0.7252607345581055,0.7021910846233368
46,BRITANNIA,"Colgate, Pidilite, Britannia among Nuvama's top consumer bets; here's why",2024-08-23 11:32:52,Business Standard,https://www.business-standard.com/markets/news/colgate-pidilite-britannia-among-nuvama-s-top-consumer-bets-here-s-why-124082100118_1.html,0.8394579887390137,0.010205728933215141,0.15033625066280365,0.1401305217295885
47,CIPLA,Cipla Stocks Updates: Cipla Sees Minor Price Dip Amid Positive SMA Trends,2024-08-23 11:32:52,The Economic Times,https://m.economictimes.com/markets/stocks/stock-liveblog/cipla-stocks-live-updates-22-aug-2024/liveblog/112696928.cms,0.027778703719377518,0.17758655548095703,0.7946347594261169,0.6170482039451599
48,COALINDIA,Coal India And 2 More High-Yield Dividend Stocks On Indian Exchange,2024-08-28 11:32:56,Yahoo Finance,https://finance.yahoo.com/news/coal-india-2-more-high-010659926.html,0.937455952167511,0.015878720209002495,0.04666533321142197,0.030786613002419472
49,DIVISLAB,"Markets head north with Nifty closing above 25,050 for the first time; Sensex too joins the party, ends near 81,800",2024-08-28 11:32:54,The Financial Express,https://www.financialexpress.com/market/markets-head-north-with-nifty-closing-above-25050-for-the-first-time-sensex-too-joins-the-party-ends-near-81800-3594831/,0.350651353597641,0.03931232914328575,0.610036313533783,0.5707239843904972
50,DIVISLAB,"F&O Insights: IPCA, Divis Lab see bullish bets; 24,700 the key for Nifty",2024-08-23 11:32:54,Business Standard,https://www.business-standard.com/markets/news/f-o-insights-ipca-divis-lab-see-bullish-bets-24-700-the-key-for-nifty-124082200132_1.html,0.8881024122238159,0.026164714246988297,0.0857328400015831,0.0595681257545948
51,DIVISLAB,Nifty Pharma Index Hits All-Time High as Sector Outperforms Broader Market,2024-08-23 11:32:54,Unique Times Magazine,https://uniquetimes.org/?p=58948,0.04318459331989288,0.045781709253787994,0.9110336899757385,0.8652519807219505
52,DIVISLAB,"NIFTY50 and SENSEX trade flat, Bank Nifty trades 250 points lower; Divi's Lab and Hindalco top gainers",2024-08-23 11:32:54,Upstox,https://upstox.com/news/market-news/trading/nifty-50-and-sensex-trade-flat-bank-nifty-trades-250-points-lower-divi-s-lab-and-hindalco-top-gainers/article-111790/,0.029494771733880043,0.9549492001533508,0.015556065365672112,-0.9393931347876787
53,DRREDDY,"Stocks to Watch, Aug 26: Adani Power, KEC Int'l, JFS, FDC, Dr Reddy's",2024-08-26 11:32:55,Business Standard,https://www.business-standard.com/markets/news/stocks-to-watch-aug-26-adani-power-kec-int-l-jfs-fdc-dr-reddy-s-124082600044_1.html,0.9348502159118652,0.015612390823662281,0.04953737556934357,0.033924984745681286
54,EICHERMOT,Announcements Updates: Compliances-Reg. 39 (3) - Details of Loss of Certificate / Duplicate Certificate,2024-08-29 11:32:57,The Economic Times,https://m.economictimes.com/markets/stocks/stock-liveblog/eicher-motors-share-price-live-updates-28-aug-2024/liveblog/112852350.cms,0.6565044522285461,0.32408416271209717,0.01941143535077572,-0.30467272736132145
55,EICHERMOT,"Volume Updates: Eicher Motors Witnesses Remarkable Increase in Trading Volume, Today's Volume Hits 523,50...",2024-08-23 11:32:57,The Economic Times,https://m.economictimes.com/markets/stocks/stock-liveblog/eicher-motors-share-price-live-updates-20-aug-2024/liveblog/112640285.cms,0.03992345929145813,0.014035776257514954,0.9460408091545105,0.9320050328969955
56,EICHERMOT,"Eicher Motors Share Price Updates: Eicher Motors Sees Marginal Decline in Price Today, But Delivers Stro...",2024-08-23 11:32:57,The Economic Times,https://m.economictimes.com/markets/stocks/stock-liveblog/eicher-motors-share-price-live-updates-19-aug-2024/liveblog/112617535.cms,0.01844279281795025,0.8831894993782043,0.09836774319410324,-0.7848217561841011
57,GRASIM,"Closing Bell: Sensex, Nifty flat; media outperforms, FMCG, metals drag",2024-08-27 11:32:57,Moneycontrol,https://www.moneycontrol.com/news/business/markets/stock-market-live-sensex-nifty-50-share-price-gift-nifty-latest-updates-27-08-2024-liveblog-12807422.html,0.09193176031112671,0.20551665127277374,0.7025516033172607,0.497034952044487
58,GRASIM,"Sensex, Nifty end marginally higher as FMCG stocks gain; Grasim rises 3%",2024-08-23 11:32:57,India Today,https://www.indiatoday.in/business/story/market-closing-bell-sensex-nifty-end-marginally-higher-as-fmcg-stocks-gain-grasim-rises-3-percent-2586287-2024-08-22,0.027622239664196968,0.03211941570043564,0.940258264541626,0.9081388488411903
59,HCLTECH,"Today Big Jump In HCL Technologies Share Price, Reached 52 Weeks High Of 1765.85.",2024-08-29 11:32:57,Localharyana,https://localharyana.com/trending-news/today-big-jump-in-hcl-technologies-share-price/,0.03938222676515579,0.0180007666349411,0.9426169991493225,0.9246162325143814
60,HCLTECH,"Brokerage Views: UBS On Power Finance Corp. And REC, Ventura On Paytm, Emkay On HCL Tech",2024-08-29 11:32:57,NDTV Profit,https://www.ndtvprofit.com/markets/brokerage-views-ubs-on-power-finance-corp-and-rec-ventura-on-paytm-emkay-on-hcl-tech?src=tl_story,0.9544255137443542,0.01844283752143383,0.02713167667388916,0.00868883915245533
61,HDFCBANK,Share price of HDFC AMC falls as Sensex gains 278.14 points,2024-08-30 08:32:58,The Economic Times,https://m.economictimes.com/markets/stocks/stock-watch/share-price-of-hdfc-amc-falls-as-sensex-gains-278-14-points/articleshow/112919428.cms,0.03346645459532738,0.9554029703140259,0.011130627244710922,-0.944272343069315
62,HDFCBANK,Share price of HDFC AMC falls as Nifty strengthens,2024-08-29 11:32:58,The Economic Times,https://m.economictimes.com/markets/stocks/stock-watch/share-price-of-hdfc-amc-falls-as-nifty-strengthens/articleshow/112885510.cms,0.026827910915017128,0.9604926109313965,0.012679505161941051,-0.9478131057694554
63,HDFCBANK,"Top 5 SBI Mutual Funds with Highest SIP Returns in 5 Years: PSU fund at No. 1 spot has turned Rs 20,000 mon...",2024-08-23 11:32:58,Zee Business,https://www.zeebiz.com/personal-finance/news-top-5-sbi-sip-psu-mutual-funds-with-highest-best-returns-inr-rs-20000-monthly-in-no-1-fund-has-grown-to-329000-nift-bse-infra-mid-small-magnum-long-term-power-grid-gail-bel-hdfc-icici-lt-309285,0.07401277124881744,0.01865919679403305,0.9073279500007629,0.8886687532067299
64,HDFCBANK,Shares of HDFC AMC fall as Nifty gains,2024-08-30 08:32:58,The Economic Times,https://m.economictimes.com/shares-of-hdfc-amc-fall-as-nifty-gains/articleshow/112919445.cms,0.024025507271289825,0.9672402739524841,0.008734201081097126,-0.958506072871387
65,HDFCBANK,Credit cards issuance in country increases by 16% to 104.6 mn in July,2024-08-30 07:32:58,Business Standard,https://www.business-standard.com/finance/news/credit-cards-issuance-in-country-increases-by-16-to-104-6-mn-in-july-124083000397_1.html,0.02253328263759613,0.023344138637185097,0.9541225433349609,0.9307784046977758
66,HDFCBANK,HDFC AMC shares down 0.44% as Nifty falls,2024-08-29 11:32:58,The Economic Times,https://m.economictimes.com/hdfc-amc-shares-down-0-44-as-nifty-falls/articleshow/112885528.cms,0.02179594337940216,0.9695349335670471,0.008669134229421616,-0.9608657993376255
67,HDFCLIFE,"HDFC Life Insurance - Kotak Mahindra Bank, Mphasis among 10 stocks where mutual funds increased stake in Q1",2024-08-28 11:32:59,The Economic Times,https://m.economictimes.com/markets/stocks/news/kotak-mahindra-bank-mphasis-among-10-stocks-where-mutual-funds-increased-stake-in-q1/hdfc-life-insurance/slideshow/112853951.cms,0.7302732467651367,0.008720912970602512,0.26100587844848633,0.2522849654778838
68,HDFCLIFE,"HDFC Life - Bajaj Finserv, Bharti Airtel among 6 Nifty50 stocks hitting new 52-week highs on Thursday",2024-08-29 11:32:59,The Economic Times,https://m.economictimes.com/markets/stocks/news/bajaj-finserv-bharti-airtel-among-6-nifty50-stocks-hitting-new-52-week-highs-on-thursday/hdfc-life/slideshow/112893553.cms,0.08135498315095901,0.020039696246385574,0.8986054062843323,0.8785657100379467
69,HEROMOTOCO,"Honda Sales Breakup July 2024 - Activa, Shine, Unicorn, Dream, Livo, CB350",2024-08-29 14:33:00,RushLane,https://www.rushlane.com/honda-sales-breakup-july-2024-activa-shine-unicorn-12504840.html,0.9141827821731567,0.013297956436872482,0.0725192129611969,0.05922125652432442
70,HEROMOTOCO,"350cc to 450cc Motorcycle Sales July 2024 - Royal Enfield, Bajaj, Triumph, Hero, Honda, KTM, Aprilia",2024-08-28 11:33:00,RushLane,https://www.rushlane.com/350cc-to-450cc-motorcycle-sales-july-2024-royal-enfield-bajaj-12504752.html,0.8495783805847168,0.011664113029837608,0.13875748217105865,0.12709336914122105
71,HEROMOTOCO,"Top 10 Motorcycles July 2024 - Splendor, Shine, Pulsar, Apache, Xtreme, Classic",2024-08-25 11:33:00,RushLane,https://www.rushlane.com/top-10-motorcycles-july-2024-splendor-shine-pulsar-12504405.html,0.8987244963645935,0.015291323885321617,0.08598417043685913,0.07069284655153751
72,HEROMOTOCO,2021 Hero Splendor: A detailed review of my humble commuter bike,2024-08-28 11:33:00,Team-BHP,https://www.team-bhp.com/news/2021-hero-splendor-detailed-review-my-humble-commuter-bike,0.8975293040275574,0.019508088007569313,0.08296254277229309,0.06345445476472378
73,HINDALCO,Asian Stocks Rebound After Upbeat US Economic Data: Markets Wrap,2024-08-29 23:33:00,Bloomberg,https://www.bloomberg.com/news/articles/2024-08-29/stock-market-today-dow-s-p-live-updates,0.07244457304477692,0.34086090326309204,0.5866945385932922,0.2458336353302002
74,HINDALCO,S&P 500 futures climb as traders brace for key inflation report: Live updates,2024-08-30 09:33:00,CNBC,https://www.cnbc.com/2024/08/29/stock-market-today-live-updates.html,0.6758043766021729,0.2479325532913208,0.07626305520534515,-0.17166949808597565
75,HINDALCO,"Dow stock index adds more than 200 points, closes at a record high",2024-08-29 21:33:00,NBC News,https://www.nbcnews.com/business/markets/dow-stock-index-adds-200-points-closes-new-record-high-rcna168882,0.3582451343536377,0.03665020316839218,0.6051047444343567,0.5684545412659645
76,HINDALCO,"Stock market today: Dow hits another record, S&P 500, Nasdaq waver as investors shrug off Nvidia share drop",2024-08-29 20:33:00,Yahoo Finance,https://finance.yahoo.com/news/stock-market-today-dow-hits-another-record-sp-500-nasdaq-waver-as-investors-shrug-off-nvidia-share-drop-200034322.html,0.11293137818574905,0.6800694465637207,0.20699919760227203,-0.47307024896144867
77,HINDALCO,"Futures Rise Ahead Of Jobless Claims, GDP",2024-08-29 14:33:00,Investor's Business Daily,https://www.investors.com/market-trend/stock-market-today/dow-jones-sp500-nasdaq-nvidia-earnings-nvda-stock-jobless-claims/,0.10911229997873306,0.5917373895645142,0.2991502285003662,-0.29258716106414795
78,HINDALCO,Stock Market News: Dow Notches a Record,2024-08-30 00:33:00,Barron's,https://www.barrons.com/livecoverage/stock-market-today-082924,0.054612722247838974,0.14805421233177185,0.7973330616950989,0.649278849363327
79,HINDUNILVR,"Nifty FMCG hits all-time high for 4th straight session, gains 16.5% in 3 months; what’s fueling the surge?",2024-08-28 11:33:00,Livemint,https://www.livemint.com/market/stock-market-news/nifty-fmcg-hits-all-time-high-for-4th-straight-session-gains-16-5-in-3-months-what-s-fueling-the-surge-11724757098585.html,0.6233271956443787,0.04708400368690491,0.32958877086639404,0.28250476717948914
80,HINDUNILVR,"Mcap of 9 of top-10 valued firms add Rs 95,522 cr; RIL, TCS lead gainers",2024-08-25 11:33:00,Business Standard,https://www.business-standard.com/markets/news/mcap-of-9-of-top-10-valued-firms-add-rs-95-522-cr-ril-tcs-lead-gainers-124082500131_1.html,0.041792795062065125,0.031111042946577072,0.9270961284637451,0.895985085517168
81,ICICIBANK,"ICICI Bank, LTIMindtree, Infosys and more: Mirae Asset Capital Markets’ top 10 picks for maximum returns— here’s why",2024-08-29 11:33:01,Livemint,https://www.livemint.com/market/stock-market-news/icici-bank-ltimindtree-infosys-and-more-mirae-asset-capital-markets-top-10-picks-for-maximum-returns-here-s-why-11724906364823.html,0.85154128074646,0.011893168091773987,0.13656555116176605,0.12467238306999207
82,ICICIBANK,Stocks Showing Rising Market Leadership: ICICI Bank ADR Earns 81 RS Rating,2024-08-28 11:33:01,Investor's Business Daily,https://www.investors.com/ibd-data-stories/stocks-showing-rising-market-leadership-icici-bank-adr-earns-81-rs-rating/,0.0401717834174633,0.017661655321717262,0.9421665072441101,0.9245048519223928
83,ICICIBANK,"ICICI Securities cuts CDSL rating to ’reduce’ over high valuations, sees 14% downside",2024-08-27 11:33:01,Livemint,https://www.livemint.com/market/stock-market-news/cdsl-rich-valuations-prompt-icici-securities-to-cut-rating-to-reduce-sees-14-downside-11724736582350.html,0.01945989951491356,0.9504830837249756,0.03005707450211048,-0.9204260092228651
84,ICICIBANK,Hold Happiest Minds Technologies; target of Rs 750: ICICI Securities,2024-08-23 11:33:01,Moneycontrol,https://www.moneycontrol.com/news/business/stocks/hold-happiest-minds-technologies-target-of-rs-750-icici-securities-12804845.html,0.8098861575126648,0.00845380313694477,0.18166008591651917,0.1732062827795744
85,ICICIBANK,Mazagon Dock Shipbuilders share price: Multibagger stock dips as ICICI Securities sees 77% downside,2024-08-23 11:33:01,Livemint,https://www.livemint.com/market/stock-market-news/mazagon-dock-shipbuilders-share-price-multibagger-stock-dips-as-icici-securities-sees-77-downside-11724040810611.html,0.01951884664595127,0.9694721698760986,0.011009030044078827,-0.9584631398320198
86,ICICIBANK,Hold PCBL: target of Rs 375: ICICI Securities,2024-08-23 11:33:01,Moneycontrol,https://www.moneycontrol.com/news/business/hold-pcbl-target-of-rs-375-icici-securities-12804237.html,0.9507499933242798,0.020782040432095528,0.028467951342463493,0.007685910910367966
87,ITC,"Stock market today: Sensex, Nifty 50 hit record highs led by Reliance, Tata Motors, ITC; mid, smallcaps falter",2024-08-29 11:33:02,Livemint,https://www.livemint.com/market/stock-market-news/stock-market-today-sensex-nifty-50-hit-record-highs-led-by-reliance-tata-motors-itc-mid-smallcaps-falter-11724924823647.html,0.036762747913599014,0.4415798783302307,0.521657407283783,0.08007752895355225
88,ITC,"Markets hit record peaks: Sensex jumps 349 points to settle at 82,134; Nifty climbs 99 points to 25,151",2024-08-29 11:33:02,Telegraph India,https://www.telegraphindia.com/business/sensex-and-nifty-hit-all-time-high-levels-on-rally-in-reliance-tata-motors-shares/cid/2044393,0.060163889080286026,0.028642132878303528,0.9111940264701843,0.8825518935918808
89,ITC,Stocks to Buy: ITC remains a key technical pick of Religare Broking: Expects more than 8% upside | Stock Market News,2024-08-30 07:33:02,mint,https://www.livemint.com/market/stock-market-news/stocks-to-buy-itc-remains-a-key-technical-pick-of-religare-broking-expects-more-than-8-upside-11724997395496.html,0.05977698042988777,0.014607176184654236,0.9256157875061035,0.9110086113214493
90,ITC,"Nifty Posts Best Winning Streak In Nearly 17 Years; RIL, ITC Rise: Market Wrap",2024-08-29 11:33:02,NDTV Profit,https://www.ndtvprofit.com/markets/nifty-posts-best-winning-streak-in-nearly-17-years-ril-tata-motors-shares-rise-market-wrap,0.11043445765972137,0.08131321519613266,0.8082523345947266,0.7269391193985939
91,ITC,"India: Sensex, Nifty close near their record highs",2024-08-30 07:33:02,ZAWYA,https://www.zawya.com/en/markets/equities/india-sensex-nifty-close-near-their-record-highs-hj82srms,0.10742488503456116,0.054852813482284546,0.8377222418785095,0.782869428396225
92,ITC,"Nifty rallies to third straight record close; Sensex jumps over 82,000",2024-08-29 11:33:02,CNBC TV18,https://www.cnbctv18.com/market/nifty-rallies-to-third-straight-record-close-sensex-jumps-over-82000-19467738.htm,0.12761160731315613,0.03367619216442108,0.8387121558189392,0.8050359636545181
93,INDUSINDBK,"Kotak Mahindra Bank, Adani Enterprises among 10 largecap stocks where FIIs reduced exposure in Q1",2024-08-23 11:33:04,The Economic Times,https://m.economictimes.com/markets/stocks/news/kotak-mahindra-bank-adani-enterprises-among-10-largecap-stocks-where-fiis-reduced-exposure-in-q1/indusind-bank/slideshow/112698661.cms,0.4715282917022705,0.24455884099006653,0.28391289710998535,0.03935405611991882
94,INDUSINDBK,"Stocks to watch, Aug 20: Zomato, IndusInd Bank, Saraswati Saree Depot",2024-08-23 11:33:04,Business Standard,https://www.business-standard.com/markets/news/stocks-to-watch-aug-20-zomato-indusind-bank-saraswati-saree-depot-124082000061_1.html,0.9166763424873352,0.016055773943662643,0.06726782023906708,0.051212046295404434
95,INDUSINDBK,IndusInd Bank Share Price,2024-03-30 11:33:04,Business Standard,https://www.business-standard.com/markets/indusind-bank-ltd-share-price-5531.html,0.9430422782897949,0.025256453081965446,0.031701311469078064,0.0064448583871126175
96,INFY,This Tech Stock Has a Base Pattern That Chartists Dream About,2024-08-29 11:33:03,TheStreet Pro,https://pro.thestreet.com/trade-ideas/infosys-tech-stock-base-pattern-chartists-dream-about,0.9208035469055176,0.025334853678941727,0.05386156961321831,0.02852671593427658
97,INFY,"Mcap of 7 of top 10 valued firms rises to Rs 1.40 trn; TCS, Infosys lead",2024-08-23 11:33:03,Business Standard,https://www.business-standard.com/markets/news/mcap-of-7-of-top-10-valued-firms-rises-to-rs-1-40-trn-tcs-infosys-lead-124081800080_1.html,0.08474473655223846,0.02485625259578228,0.8903990387916565,0.8655427861958742
98,INFY,"Market cap of top 7 companies up by ₹1.40 crore; TCS, Infosys lead gainers | Stock Market News",2024-08-23 11:33:03,mint,https://www.livemint.com/market/stock-market-news/market-cap-of-top-7-companies-up-by-rs-1-40-crore-tcs-infosys-lead-gainers-11723957380032.html,0.04595723748207092,0.023739928379654884,0.9303027987480164,0.9065628703683615
99,INFY,Announcements Updates: Investor Conference,2024-08-24 11:33:03,The Economic Times,https://m.economictimes.com/markets/stocks/stock-liveblog/infosys-stocks-live-updates-23-aug-2024/liveblog/112727004.cms,0.926044762134552,0.051447149366140366,0.02250814251601696,-0.028939006850123405
100,INFY,"Former Infosys CFO Mohandas Pai Slams Latest GIFT City Regulations, Asks PM Modi to Intervene",2024-08-23 11:33:03,Outlook Business,https://www.outlookbusiness.com/news/former-infosys-cfo-mohandas-pai-slams-latest-gift-city-regulations-asks-pm-modi-to-intervene,0.8194471001625061,0.12088039517402649,0.059672512114048004,-0.061207883059978485
101,INFY,"Stocks to Watch, Aug 23: Ambuja Cements, Adani Power, Infosys, Nykaa, GAIL",2024-08-23 11:33:03,Business Standard,https://www.business-standard.com/markets/news/stocks-to-watch-aug-23-ambuja-cements-adani-power-infosys-nykaa-gail-124082300093_1.html,0.9433086514472961,0.015701934695243835,0.04098945111036301,0.02528751641511917
102,JSWSTEEL,"JSW Infra shares surge 5% today after Jefferies initiates Buy call, expects stock to rally 21%",2024-08-27 11:33:02,Business Upturn,https://www.businessupturn.com/finance/stock-market/jsw-infra-shares-surge-5-today-after-jefferies-initiates-buy-call-expects-stock-to-rally-21/,0.02986060455441475,0.024857083335518837,0.9452823996543884,0.9204253163188696
103,KOTAKBANK,Auto ancillary stock jumps 6% after SBI MF and Kotak MF bought stake worth ₹ 196 Cr,2024-08-28 11:33:04,Trade Brains,https://tradebrains.in/features/auto-ancillary-stock-jumps-6-after-sbi-mf-and-kotak-mf-bought-stake-worth-196-cr/,0.09126203507184982,0.07760971784591675,0.8311282396316528,0.7535185217857361
104,KOTAKBANK,Kotak Mutual Fund's Nilesh Shah shares top investment strategies amid market uncertainty | Q&A,2024-08-28 11:33:04,CNBC TV18,https://www.cnbctv18.com/personal-finance/kotak-mutual-fund-nilesh-shah-interview-top-investment-strategies-market-volatility-sip-19466356.htm,0.19123195111751556,0.013780958950519562,0.794987142086029,0.7812061831355095
105,KOTAKBANK,"Kotak upgrades LTIMindtree stock to Add, expects rebound fueled by growth",2024-08-29 11:33:04,Investing.com India,https://in.investing.com/news/company-news/kotak-upgrades-ltimindtree-stock-to-add-expects-rebound-fueled-by-growth-93CH-4404740,0.02747166156768799,0.023643020540475845,0.9488852620124817,0.9252422414720058
106,KOTAKBANK,Here's why Kotak Institutional Equities thinks IndiGo stock may rerate,2024-08-23 11:33:04,Business Standard,https://www.business-standard.com/markets/news/here-s-why-kotak-institutional-equities-thinks-indigo-stock-may-rerate-124082000519_1.html,0.7119009494781494,0.1578795164823532,0.13021951913833618,-0.02765999734401703
107,KOTAKBANK,Kotak Mahindra Bank Share Price,2024-03-30 11:33:04,Business Standard,https://www.business-standard.com/markets/kotak-mahindra-bank-ltd-share-price-2330.html,0.9413332939147949,0.02681991271674633,0.03184675797820091,0.005026845261454582
108,LTIM,"Top Gainers and Losers today on 28 August, 2024: LTI Mindtree, Wipro, Asian Paints, Adani Enterprises among most active stocks; Check full list here",2024-08-28 11:33:05,Livemint,https://www.livemint.com/market/stock-market-news/top-gainers-and-losers-today-on-28-august-2024-lti-mindtree-wipro-asian-paints-adani-enterprises-among-most-active-stocks-check-full-list-here-11724841197707.html,0.87455815076828,0.08141367137432098,0.044028207659721375,-0.03738546371459961
109,LTIM,"ICICI Bank, LTIMindtree, Infosys and more: Mirae Asset Capital Markets’ top 10 picks for maximum returns— here’s why",2024-08-29 11:33:05,Livemint,https://www.livemint.com/market/stock-market-news/icici-bank-ltimindtree-infosys-and-more-mirae-asset-capital-markets-top-10-picks-for-maximum-returns-here-s-why-11724906364823.html,0.85154128074646,0.011893168091773987,0.13656555116176605,0.12467238306999207
110,LTIM,"Sensex Ends 74 Points Higher; Nifty Above 25,000; LTIM Jumps 8%",2024-08-29 11:33:05,News18,https://www.news18.com/business/markets/stock-market-updates-sensex-nifty-rise-marginally-nbcc-gains-5-9030114.html,0.03399885445833206,0.029424061998724937,0.9365772008895874,0.9071531388908625
111,LTIM,"Sensex, Nifty Listless In Early Trade; LTIMindtree Shares Jump Over 3%",2024-08-28 11:33:05,ForexTV,https://forextv.com/forex-analysis/sensex-nifty-listless-in-early-trade-ltimindtree-shares-jump-over-3/,0.03862602263689041,0.1191939264535904,0.8421800136566162,0.7229860872030258
112,LTIM,"Sensex, Nifty Listless In Early Trade; LTIMindtree Shares Jump Over 3%",2024-08-28 11:33:05,RTTNews,https://www.rttnews.com/3471305/sensex-nifty-listless-in-early-trade-ltimindtree-shares-jump-over-3.aspx,0.03862602263689041,0.1191939264535904,0.8421800136566162,0.7229860872030258
113,LTIM,LTIMINDTREE Share Price Today Up 3%,2024-08-28 11:33:05,Equitymaster,https://www.equitymaster.com/indian-share-markets/LTIMINDTREE-Gains-3-BSE-IT-Index-Down-02/1704/?utm_source=indian-share-markets&utm_medium=website&utm_campaign=content&utm_content=article,0.030897485092282295,0.019369082525372505,0.9497334361076355,0.930364353582263
114,LT,"Top Gainers and Losers today on 28 August, 2024: LTI Mindtree, Wipro, Asian Paints, Adani Enterprises among most active stocks; Check full list here",2024-08-28 11:33:05,Livemint,https://www.livemint.com/market/stock-market-news/top-gainers-and-losers-today-on-28-august-2024-lti-mindtree-wipro-asian-paints-adani-enterprises-among-most-active-stocks-check-full-list-here-11724841197707.html,0.87455815076828,0.08141367137432098,0.044028207659721375,-0.03738546371459961
115,LT,LTIMindtree shares down 0.49% as Nifty gains,2024-08-29 11:33:05,The Economic Times,https://m.economictimes.com/markets/stocks/stock-watch/ltimindtree-shares-down-0-49-as-nifty-gains/articleshow/112890898.cms,0.022397272288799286,0.969147264957428,0.008455455303192139,-0.9606918096542358
116,LT,L&T Semiconductor Technologies to transition to chip maker from SoC once revenues hit $1 billion: CEO | Company Business News,2024-08-16 11:33:05,mint,https://www.livemint.com/companies/news/lt-semiconductor-technologies-ceo-sandeep-kumar-soc-to-fab-transition-l-t-group-11723558528893.html,0.9131332039833069,0.017259908840060234,0.06960690766572952,0.05234699882566929
117,LT,US seeks L&T chair S.N. Subrahmanyan’s testimony in Cognizant bribery case | Company Business News,2024-08-23 11:33:05,mint,https://www.livemint.com/companies/news/cognizant-bribery-charges-l-t-s-n-subrahmanyan-testimony-office-construction-illicit-payments-us-investigation-11724042637765.html,0.8788241744041443,0.06121063604950905,0.059965163469314575,-0.0012454725801944733
118,LT,Shares of LTIMindtree fall as Nifty gains,2024-08-30 08:33:05,The Economic Times,https://m.economictimes.com/shares-of-ltimindtree-fall-as-nifty-gains/articleshow/112919944.cms,0.02202344872057438,0.9688742160797119,0.00910238642245531,-0.9597718296572566
119,LT,LTIMindtree shares fall 0.03% as Nifty gains,2024-08-30 08:33:05,The Economic Times,https://m.economictimes.com/markets/stocks/stock-watch/ltimindtree-shares-fall-0-03-as-nifty-gains/articleshow/112919937.cms,0.022798681631684303,0.9669796228408813,0.010221768170595169,-0.9567578546702862
120,M&M,"Top Gainers and Losers today on 29 August, 2024: Tata Motors, Bajaj Finserv, Grasim Industries, Mahindra & Mahindra among most active stocks; Check full list here",2024-08-29 11:33:06,Livemint,https://www.livemint.com/market/stock-market-news/top-gainers-and-losers-today-on-29-august-2024-tata-motors-bajaj-finserv-grasim-industries-mahindra-mahindra-among-most-active-stocks-check-full-list-here-11724927596759.html,0.8739576935768127,0.07814501225948334,0.04789730906486511,-0.030247703194618225
121,M&M,Exclusive: Mahindra seeks nod for $3 billion Shaanxi joint venture,2024-08-16 11:33:06,Reuters,https://www.reuters.com/business/autos-transportation/indias-mahindra-seeks-nod-3-bln-shaanxi-jv-sources-say-2024-08-09/,0.7628459334373474,0.011787164956331253,0.22536683082580566,0.2135796658694744
122,M&M,Mahindra Thar Roxx Review,2024-08-23 11:33:06,Team-BHP,https://www.team-bhp.com/forum/official-new-car-reviews/283993-mahindra-thar-roxx-review.html,0.9042055606842041,0.04246843233704567,0.053326014429330826,0.010857582092285156
123,M&M,Parted with my Scorpio LX after 15 years: 3 reasons for my decision,2024-08-29 11:33:06,Team-BHP,https://www.team-bhp.com/news/parted-my-scorpio-lx-after-15-years-3-reasons-my-decision,0.8875030875205994,0.05669538676738739,0.055801574140787125,-0.0008938126266002655
124,M&M,Help me choose an SUV under 25 lakh to replace my Ford Ecosport diesel,2024-08-25 11:33:06,Team-BHP,https://www.team-bhp.com/news/help-me-choose-suv-under-25-lakh-replace-my-ford-ecosport-diesel,0.8243502378463745,0.010607339441776276,0.16504235565662384,0.15443501621484756
125,M&M,Temperature sensor issue on my XUV500; Shenanagins faced at workshop,2024-08-29 11:33:06,Team-BHP,https://www.team-bhp.com/news/temperature-sensor-issue-my-xuv500-shenanagins-faced-workshop,0.15516789257526398,0.7975270748138428,0.04730509594082832,-0.7502219788730145
126,NTPC,Shareholders Would Not Be Objecting To NTPC Limited's (NSE:NTPC) CEO Compensation And Here's Why,2024-08-23 11:33:07,Simply Wall Street,https://simplywall.st/stocks/in/utilities/nse-ntpc/ntpc-shares/news/shareholders-would-not-be-objecting-to-ntpc-limiteds-nsentpc,0.8086401224136353,0.15171730518341064,0.039642587304115295,-0.11207471787929535
127,NESTLEIND,Nestle India Share Price Updates: Nestle India Sees Modest Price Increase Amid Stable Moving Average,2024-08-29 13:33:07,The Economic Times,https://m.economictimes.com/markets/stocks/stock-liveblog/nestle-india-share-price-live-updates-29-aug-2024/liveblog/112882393.cms,0.028566233813762665,0.024052852764725685,0.9473809003829956,0.9233280476182699
128,ONGC,ONGC Final Dividend Payment Date 2024: Announcement in 2 days; are you eligible?,2024-08-29 11:33:08,MSN,https://www.msn.com/en-in/money/markets/ongc-final-dividend-payment-date-2024-announcement-in-2-days-are-you-eligible/ar-AA1pz2Q1?ocid=finance-verthp-feeds,0.9350727796554565,0.013979285955429077,0.05094790458679199,0.036968618631362915
129,ONGC,Oil And Natural Gas Corporation Stocks Live Updates: Oil and Natural Gas Corporation Sees Minor Daily Ga...,2024-08-28 11:33:08,The Economic Times,https://m.economictimes.com/markets/stocks/stock-liveblog/oil-and-natural-gas-corporation-stocks-live-updates-27-aug-2024/liveblog/112822573.cms,0.04664343222975731,0.9411163926124573,0.01224011555314064,-0.9288762770593166
130,ONGC,"Multibaggers HPCL, BPCL among 6 oil & gas sector buys for this brokerage. Upside seen up to 43%",2024-08-26 11:33:08,The Economic Times,https://m.economictimes.com/markets/stocks/news/multibaggers-hpcl-bpcl-among-6-oil-gas-sector-buys-for-this-brokerage-upside-seen-up-to-43/top-buys-in-oil-gas-sector/slideshow/112804258.cms,0.6811947822570801,0.01595473848283291,0.30285048484802246,0.28689574636518955
131,ONGC,ONGC Share Price Today - Oil & Natural Gas Corporation Stock Price Live NSE/BSE,2024-03-30 11:33:08,Business Standard,https://www.business-standard.com/markets/oil-natural-gas-corpn-ltd-share-price-6068.html,0.9436853528022766,0.02836954966187477,0.02794502303004265,-0.0004245266318321228
132,POWERGRID,Asian Stocks Rebound After Upbeat US Economic Data: Markets Wrap,2024-08-29 23:33:08,Bloomberg,https://www.bloomberg.com/news/articles/2024-08-29/stock-market-today-dow-s-p-live-updates,0.07244457304477692,0.34086090326309204,0.5866945385932922,0.2458336353302002
133,POWERGRID,S&P 500 futures climb as traders brace for key inflation report: Live updates,2024-08-30 09:33:08,CNBC,https://www.cnbc.com/2024/08/29/stock-market-today-live-updates.html,0.6758043766021729,0.2479325532913208,0.07626305520534515,-0.17166949808597565
134,POWERGRID,"Dow stock index adds more than 200 points, closes at a record high",2024-08-29 21:33:08,NBC News,https://www.nbcnews.com/business/markets/dow-stock-index-adds-200-points-closes-new-record-high-rcna168882,0.3582451343536377,0.03665020316839218,0.6051047444343567,0.5684545412659645
135,POWERGRID,"Stock market today: Dow hits another record, S&P 500, Nasdaq waver as investors shrug off Nvidia share drop",2024-08-29 20:33:08,Yahoo Finance,https://finance.yahoo.com/news/stock-market-today-dow-hits-another-record-sp-500-nasdaq-waver-as-investors-shrug-off-nvidia-share-drop-200034322.html,0.11293137818574905,0.6800694465637207,0.20699919760227203,-0.47307024896144867
136,POWERGRID,"Futures Rise Ahead Of Jobless Claims, GDP",2024-08-29 14:33:08,Investor's Business Daily,https://www.investors.com/market-trend/stock-market-today/dow-jones-sp500-nasdaq-nvidia-earnings-nvda-stock-jobless-claims/,0.10911229997873306,0.5917373895645142,0.2991502285003662,-0.29258716106414795
137,POWERGRID,Stock Market News: Dow Notches a Record,2024-08-30 00:33:08,Barron's,https://www.barrons.com/livecoverage/stock-market-today-082924,0.054612722247838974,0.14805421233177185,0.7973330616950989,0.649278849363327
138,RELIANCE,Reliance Industries shares jump 3% as board to consider 1:1 bonus issue on Sept 5,2024-08-29 11:33:08,Business Today,https://www.businesstoday.in/markets/stocks/story/reliance-industries-shares-jump-3-as-board-to-consider-11-bonus-issue-on-september-5-443491-2024-08-29,0.17987439036369324,0.03338560834527016,0.7867400050163269,0.7533543966710567
139,RELIANCE,"Reliance boosts Indian shares to record, Nifty logs longest gaining streak in 17 years",2024-08-29 11:33:08,Reuters,https://www.reuters.com/world/india/indian-shares-set-open-lower-reliance-focus-2024-08-29/,0.042486775666475296,0.019608857110142708,0.9379044771194458,0.9182956200093031
140,SBILIFE,"SBI Life - Bajaj Finserv, Bharti Airtel among 6 Nifty50 stocks hitting new 52-week highs on Thursday",2024-08-29 11:33:09,The Economic Times,https://m.economictimes.com/markets/stocks/news/bajaj-finserv-bharti-airtel-among-6-nifty50-stocks-hitting-new-52-week-highs-on-thursday/sbi-life/slideshow/112893602.cms,0.07947049289941788,0.021013597026467323,0.8995159864425659,0.8785023894160986
141,SBILIFE,"LIC, SBI Life-owned NLC India share price jumps over 4%; analysts expect up to 36% upside. Here’s why",2024-08-27 11:33:09,Livemint,https://www.livemint.com/market/stock-market-news/lic-sbi-life-owned-nlc-india-share-price-jumps-over-4-analysts-expect-up-to-35-upside-heres-why-11724735786222.html,0.4200710356235504,0.12636326253414154,0.45356565713882446,0.3272023946046829
142,SBILIFE,Announcements Updates: Shareholder Meeting / Postal Ballot-Scrutinizer''s Report,2024-08-29 11:33:09,The Economic Times,https://m.economictimes.com/markets/stocks/stock-liveblog/sbi-life-insurance-company-stocks-live-updates-28-aug-2024/liveblog/112852365.cms,0.9389984011650085,0.03946556895971298,0.021536031737923622,-0.01792953722178936
143,SBILIFE,"Top gainers and losers on August 27: SBI Life, Maruti Suzuki, Bajaj Finserv among NIFTY movers; JSW Steel top drag",2024-08-27 11:33:09,Upstox,https://upstox.com/news/market-news/stocks/top-gainers-and-losers-on-august-27-sbi-life-maruti-suzuki-bajaj-finserv-among-nifty-movers-jsw-steel-top-drag/article-113118/,0.07385037839412689,0.0787869468331337,0.847362756729126,0.7685758098959923
144,SBILIFE,"Top Gainers and Losers today on 27 August, 2024: SBI Life Insurance Company, Shriram Finance, Titan Company, JSW Steel among most active stocks; Check full list here | Stock Market News",2024-08-27 11:33:09,mint,https://www.livemint.com/market/stock-market-news/top-gainers-and-losers-today-on-27-august-2024-sbi-life-insurance-company-shriram-finance-titan-company-jsw-steel-among-most-active-stocks-check-full-list-here-11724754813621.html,0.8815035223960876,0.0709071084856987,0.04758935421705246,-0.02331775426864624
145,SBILIFE,"Term plans should be your first life insurance policy: Amit Jhingran, SBI Life Insurance",2024-08-26 11:33:09,The Economic Times,https://m.economictimes.com/wealth/insure/life-insurance/term-plans-should-be-your-first-life-insurance-policy-amit-jhingran-sbi-life-insurance/articleshow/112746414.cms,0.9440887570381165,0.01495261862874031,0.04095863923430443,0.026006020605564117
146,SHRIRAMFIN,"India's Shriram Finance plans to raise up to $1.5 bln in FY25 from overseas, CEO says",2024-08-28 11:33:10,Reuters,https://www.reuters.com/business/finance/indias-shriram-finance-plans-raise-15-bln-fy25-overseas-market-ceo-says-2024-08-27/,0.21048705279827118,0.00849288422614336,0.7810201048851013,0.772527220658958
147,SHRIRAMFIN,Do Shriram Finance's (NSE:SHRIRAMFIN) Earnings Warrant Your Attention?,2024-08-24 11:33:10,Simply Wall Street,https://simplywall.st/stocks/in/diversified-financials/nse-shriramfin/shriram-finance-shares/news/do-shriram-finances-nseshriramfin-earnings-warrant-your-atte-1,0.9061335921287537,0.014926813542842865,0.07893961668014526,0.0640128031373024
148,SBIN,Gold loans: These banks and NBFCs offer the lowest interest rates,2024-08-27 11:33:11,Moneycontrol,https://www.moneycontrol.com/news/photos/business/personal-finance/gold-loans-these-banks-and-nbfcs-offer-the-lowest-interest-rates-12805582.html,0.8664164543151855,0.10630951076745987,0.027274060994386673,-0.0790354497730732
149,SBIN,"Sbi Share Price Highlights : Sbi closed today at ₹815.65, up 0.14% from yesterday's ₹814.5",2024-08-30 10:33:11,Livemint,https://www.livemint.com/market/live-blog/sbi-share-price-today-latest-live-updates-on-30-aug-2024-11724985104713.html,0.02225341834127903,0.027205146849155426,0.9505414366722107,0.9233362898230553
150,SBIN,"Top 5 SBI Mutual Funds with Highest SIP Returns in 5 Years: PSU fund at No. 1 spot has turned Rs 20,000 mon...",2024-08-23 11:33:11,Zee Business,https://www.zeebiz.com/personal-finance/news-top-5-sbi-sip-psu-mutual-funds-with-highest-best-returns-inr-rs-20000-monthly-in-no-1-fund-has-grown-to-329000-nift-bse-infra-mid-small-magnum-long-term-power-grid-gail-bel-hdfc-icici-lt-309285,0.07401277124881744,0.01865919679403305,0.9073279500007629,0.8886687532067299
151,SBIN,"SBI Q1 Results: Net profit marginally rises to ₹17,035 crore",2024-08-29 17:33:11,The Hindu BusinessLine,https://www.thehindubusinessline.com/money-and-banking/sbi-q1-results-net-profit-marginally-rises-to-17035-crore/article68480993.ece,0.02566787227988243,0.030385632067918777,0.9439464807510376,0.9135608486831188
152,SBIN,"SBI - ​SBI Mutual Fund: ITC, Infosys, and RIL among top 10 stock holdings in July",2024-08-23 11:33:11,The Economic Times,https://m.economictimes.com/mf/analysis/sbi-mutual-fund-itc-infosys-and-ril-among-top-10-stock-holdings-in-july/sbi/slideshow/112584612.cms,0.846369206905365,0.011675839312374592,0.1419549435377121,0.1302791042253375
153,SBIN,"SBI Cards & Payment Services Ltd soars 0.13%, rises for fifth straight session",2024-08-28 11:33:11,Business Standard,https://www.business-standard.com/markets/capital-market-news/sbi-cards-payment-services-ltd-soars-0-13-rises-for-fifth-straight-session-124082800466_1.html,0.03192156180739403,0.04669639468193054,0.9213820099830627,0.8746856153011322
154,SUNPHARMA,Asian Stocks Rebound After Upbeat US Economic Data: Markets Wrap,2024-08-29 23:33:11,Bloomberg,https://www.bloomberg.com/news/articles/2024-08-29/stock-market-today-dow-s-p-live-updates,0.07244457304477692,0.34086090326309204,0.5866945385932922,0.2458336353302002
155,SUNPHARMA,S&P 500 futures climb as traders brace for key inflation report: Live updates,2024-08-30 09:33:11,CNBC,https://www.cnbc.com/2024/08/29/stock-market-today-live-updates.html,0.6758043766021729,0.2479325532913208,0.07626305520534515,-0.17166949808597565
156,SUNPHARMA,"Dow stock index adds more than 200 points, closes at a record high",2024-08-29 21:33:11,NBC News,https://www.nbcnews.com/business/markets/dow-stock-index-adds-200-points-closes-new-record-high-rcna168882,0.3582451343536377,0.03665020316839218,0.6051047444343567,0.5684545412659645
157,SUNPHARMA,"Stock market today: Dow hits another record, S&P 500, Nasdaq waver as investors shrug off Nvidia share drop",2024-08-29 20:33:11,Yahoo Finance,https://finance.yahoo.com/news/stock-market-today-dow-hits-another-record-sp-500-nasdaq-waver-as-investors-shrug-off-nvidia-share-drop-200034322.html,0.11293137818574905,0.6800694465637207,0.20699919760227203,-0.47307024896144867
158,SUNPHARMA,"Futures Rise Ahead Of Jobless Claims, GDP",2024-08-29 14:33:11,Investor's Business Daily,https://www.investors.com/market-trend/stock-market-today/dow-jones-sp500-nasdaq-nvidia-earnings-nvda-stock-jobless-claims/,0.10911229997873306,0.5917373895645142,0.2991502285003662,-0.29258716106414795
159,SUNPHARMA,Stock Market News: Dow Notches a Record,2024-08-30 00:33:11,Barron's,https://www.barrons.com/livecoverage/stock-market-today-082924,0.054612722247838974,0.14805421233177185,0.7973330616950989,0.649278849363327
160,TCS,TCS North America head Suresh Muthuswami quits after 26 years,2024-08-28 11:33:11,EasternEye,https://www.easterneye.biz/suresh-muthuswami-quits-tcs/,0.3649931848049164,0.6171530485153198,0.017853733152151108,-0.5992993153631687
161,TCS,TCS’s North America head Muthuswami quits | Company Business News,2024-08-26 11:33:11,mint,https://www.livemint.com/companies/tcs-north-america-head-suresh-muthuswami-resignation-tata-consultancy-services-ltd-k-krithivasan-chief-executive-11724555594478.html,0.2948588728904724,0.6883348822593689,0.01680632121860981,-0.6715285610407591
162,TATACONSUM,Asian Stocks Rebound After Upbeat US Economic Data: Markets Wrap,2024-08-29 23:33:11,Bloomberg,https://www.bloomberg.com/news/articles/2024-08-29/stock-market-today-dow-s-p-live-updates,0.07244457304477692,0.34086090326309204,0.5866945385932922,0.2458336353302002
163,TATACONSUM,S&P 500 futures climb as traders brace for key inflation report: Live updates,2024-08-30 09:33:11,CNBC,https://www.cnbc.com/2024/08/29/stock-market-today-live-updates.html,0.6758043766021729,0.2479325532913208,0.07626305520534515,-0.17166949808597565
164,TATACONSUM,"Dow stock index adds more than 200 points, closes at a record high",2024-08-29 21:33:11,NBC News,https://www.nbcnews.com/business/markets/dow-stock-index-adds-200-points-closes-new-record-high-rcna168882,0.3582451343536377,0.03665020316839218,0.6051047444343567,0.5684545412659645
165,TATACONSUM,"Stock market today: Dow hits another record, S&P 500, Nasdaq waver as investors shrug off Nvidia share drop",2024-08-29 20:33:11,Yahoo Finance,https://finance.yahoo.com/news/stock-market-today-dow-hits-another-record-sp-500-nasdaq-waver-as-investors-shrug-off-nvidia-share-drop-200034322.html,0.11293137818574905,0.6800694465637207,0.20699919760227203,-0.47307024896144867
166,TATACONSUM,"Futures Rise Ahead Of Jobless Claims, GDP",2024-08-29 14:33:11,Investor's Business Daily,https://www.investors.com/market-trend/stock-market-today/dow-jones-sp500-nasdaq-nvidia-earnings-nvda-stock-jobless-claims/,0.10911229997873306,0.5917373895645142,0.2991502285003662,-0.29258716106414795
167,TATACONSUM,Stock Market News: Dow Notches a Record,2024-08-30 00:33:11,Barron's,https://www.barrons.com/livecoverage/stock-market-today-082924,0.054612722247838974,0.14805421233177185,0.7973330616950989,0.649278849363327
168,TATAMOTORS,"Sensex ends above 82K for first time, Nifty hits record high; RIL, Tata Motors, Bajaj twins lead gains",2024-08-29 11:33:12,Business Today,https://www.businesstoday.in/markets/market-commentary/story/sensex-ends-above-82k-for-first-time-nifty-hits-record-high-ril-tata-motors-bajaj-twins-lead-gains-443540-2024-08-29,0.07716825604438782,0.022697528824210167,0.9001342058181763,0.8774366769939661
169,TATAMOTORS,"Tata Motors Share Price Highlights : Tata Motors closed today at ₹1119.65, up 4.19% from yesterday's ₹1074.6 | Stock Market News",2024-08-29 14:33:12,mint,https://www.livemint.com/market/live-blog/tata-motors-share-price-today-latest-live-updates-on-29-aug-2024-11724898659976.html,0.024421587586402893,0.027184635400772095,0.948393702507019,0.921209067106247
170,TATAMOTORS,"Actionable Trading Ideas, Real-Time News, Financial Insight",2024-08-29 11:33:12,Benzinga,https://in.benzinga.com/content/40621472/tata-motors-shares-lead-gainers-with-late-surge-on-thursday,0.9168139100074768,0.01519494317471981,0.06799118965864182,0.052796246483922005
171,TATAMOTORS,"Tata Motors DVR shares owners alert! Stocks to be cancelled from this date - Why, and what lies ahead",2024-08-29 13:33:12,MSN,http://www.msn.com/en-in/autos/news/tata-motors-dvr-shares-owners-alert-stocks-to-be-cancelled-from-this-date-why-and-what-lies-ahead/ar-AA1pCQrA?apiversion=v2&noservercache=1&domshim=1&renderwebcomponents=1&wcseo=1&batchservertelemetry=1&noservertelemetry=1,0.6606557965278625,0.3131190538406372,0.026225175708532333,-0.2868938781321049
172,TATAMOTORS,Tata Curvv.EV | Which variant would you buy & why?,2024-08-29 11:33:12,Team-BHP,https://www.team-bhp.com/forum/electric-cars/284492-tata-curvv-ev-variant-would-you-buy-why.html,0.9405601620674133,0.02613682672381401,0.03330293670296669,0.0071661099791526794
173,TATAMOTORS,"Top Gainers and Losers today on 22 August, 2024: Grasim Industries, Tata Consumer, Tata Motors, Wipro among most active stocks; Check full list here | Stock Market News",2024-08-23 11:33:12,mint,https://www.livemint.com/market/stock-market-news/top-gainers-and-losers-today-on-22-august-2024-grasim-industries-tata-consumer-tata-motors-wipro-among-most-active-stocks-check-full-list-here-11724322809296.html,0.8661341667175293,0.08645536005496979,0.04741053655743599,-0.0390448234975338
174,TATASTEEL,"Stocks to watch: NTPC, IndiGo, Shipping Corp, LIC, SpiceJet, Sugar Cos",2024-08-30 02:33:13,Business Standard,https://www.business-standard.com/markets/news/stocks-to-watch-ntpc-indigo-shipping-corp-lic-spicejet-sugar-cos-124083000075_1.html,0.9495267271995544,0.02078215777873993,0.029691124334931374,0.008908966556191444
175,TATASTEEL,"Actionable Trading Ideas, Real-Time News, Financial Insight",2024-08-29 11:33:13,Benzinga,https://in.benzinga.com/content/40617198/whats-going-with-tata-steel-share-price-today,0.9168139100074768,0.01519494317471981,0.06799118965864182,0.052796246483922005
176,TATASTEEL,Pricing weakness likely to weigh on Indian steel companies stocks,2024-08-29 15:33:13,Business Standard,https://www.business-standard.com/industry/news/pricing-weakness-likely-to-weigh-on-indian-steel-companies-stocks-124082901174_1.html,0.025953231379389763,0.9598918557167053,0.014155023731291294,-0.945736831985414
177,TATASTEEL,Share Market Today: Sensex Up 300 Points Nifty Above 25200. Airtel Gains 2%,2024-08-30 06:33:13,ABP Live,https://news.abplive.com/business/share-market-today-sensex-up-300-points-nifty-above-25200-airtel-gains-2-1713683,0.03032633848488331,0.0226595401763916,0.9470141530036926,0.924354612827301
178,TATASTEEL,"Sensex, Nifty hit all-time high levels on rally in Reliance, Tata Motors shares",2024-08-29 13:33:13,The Indian Express,https://indianexpress.com/article/business/sensex-nifty-all-time-high-levels-reliance-tata-motors-shares-9540022/,0.08113227039575577,0.018093600869178772,0.9007740616798401,0.8826804608106613
179,TATASTEEL,"Sensex declines 102 points to 81,682 in early trade; Nifty dips 34 points to 25,017",2024-08-29 11:33:13,Telegraph India,https://www.telegraphindia.com/business/sensex-declines-102-points-to-81682-in-early-trade-nifty-dips-34-points-to-25017-trade-marginally-higher-later/cid/2044294,0.016818197444081306,0.9593470096588135,0.023834804072976112,-0.9355122055858374
180,TECHM,"Tech Mahindra - Infosys, Bharti Airtel among 6 Nifty50 stocks hitting new 52-week highs on Wednesday",2024-08-28 11:33:13,The Economic Times,https://m.economictimes.com/markets/stocks/news/infosys-bharti-airtel-among-6-nifty50-stocks-hitting-new-52-week-highs-on-wednesday/tech-mahindra/slideshow/112863898.cms,0.08486520498991013,0.02540428191423416,0.8897305130958557,0.8643262311816216
181,TECHM,Tech Mahindra - These 7 IT stocks hit 52-week highs and rallied up to 30%,2024-08-27 11:33:13,The Economic Times,https://m.economictimes.com/markets/stocks/news/these-7-it-stocks-hit-52-week-highs-and-rallied-up-to-30/tech-mahindra/slideshow/112811396.cms,0.03040820173919201,0.02266724780201912,0.9469245672225952,0.9242573194205761
182,TECHM,"NIFTY50 trades above 24,950, SENSEX jumps 500 points; TCS, Tech Mahindra, Wipro take the lead",2024-08-26 11:33:13,Upstox,https://upstox.com/news/market-news/trading/nifty-50-trades-above-24-950-sensex-jumps-500-points-tcs-tech-mahindra-wipro-take-the-lead/article-112675/,0.25168076157569885,0.026776932179927826,0.7215422987937927,0.6947653666138649
183,TECHM,"Nifty IT index hits a record high led by TCS, Tech Mahindra — Here's what lies ahead",2024-08-23 11:33:13,CNBC TV18,https://www.cnbctv18.com/market/tcs-hcl-tech-tech-mahindra-shares-nifty-it-index-hits-a-record-high-what-lies-ahead-19462180.htm,0.7511254549026489,0.017318641766905785,0.23155593872070312,0.21423729695379734
184,TECHM,Tech Mahindra Share Price,2024-03-30 11:33:13,Business Standard,https://www.business-standard.com/markets/tech-mahindra-ltd-share-price-17215.html,0.9324625134468079,0.02687644027173519,0.0406610481441021,0.013784607872366905
185,TITAN,"Top Gainers and Losers today on 27 August, 2024: SBI Life Insurance Company, Shriram Finance, Titan Company, JSW Steel among most active stocks; Check full list here",2024-08-27 11:33:14,Livemint,https://www.livemint.com/market/stock-market-news/top-gainers-and-losers-today-on-27-august-2024-sbi-life-insurance-company-shriram-finance-titan-company-jsw-steel-among-most-active-stocks-check-full-list-here-11724754813621.html,0.8761010766029358,0.07323981076478958,0.05065915361046791,-0.02258065715432167
186,TITAN,"CaratLane crosses Rs 3,000 Cr revenue in FY24; remains profitable",2024-08-24 11:33:14,Entrackr,https://entrackr.com/2024/08/caratlane-crosses-rs-3000-cr-revenue-in-fy24-remains-profitable/,0.033846158534288406,0.03304247558116913,0.933111310005188,0.9000688344240189
187,TITAN,Best Gold Watches For Men: A Perfect Touch To Your Overall Look,2024-08-29 12:33:14,Jagran English,https://english.jagran.com/lite/top-deals/fashion/accessories/best-gold-watches-for-men-a-perfect-touch-to-your-overall-look-10184066,0.6755717396736145,0.010392933152616024,0.3140353858470917,0.30364245269447565
188,TITAN,"Best Branded Watches For Men (August 2024): Select From Fossil, Casio, Titan And More",2024-08-29 12:33:14,HerZindagi,https://www.herzindagi.com/top-deals/fashion-accessories/best-branded-watches-for-men-select-from-fossil-casio-titan-and-more-article-301429,0.9001924395561218,0.012086156755685806,0.08772138506174088,0.07563522830605507
189,TITAN,"Best Stylish Watch For Men (August 2024): Top Picks From Casio, Titan, Fossil And More",2024-08-28 11:33:14,HerZindagi,https://www.herzindagi.com/top-deals/fashion-accessories/best-stylish-watch-for-men-top-picks-from-casio-titan-fossil-and-more-article-300908,0.7894331216812134,0.012106076814234257,0.19846084713935852,0.18635477032512426
190,TITAN,"Top Gainers and Losers today on 21 August, 2024: Divis Laboratories, Titan Company, Tech Mahindra, Tata Steel among most active stocks; Check full list here | Stock Market News",2024-08-23 11:33:14,Livemint,https://www.livemint.com/market/stock-market-news/top-gainers-and-losers-today-on-21-august-2024-divis-laboratories-titan-company-tech-mahindra-tata-steel-among-most-active-stocks-check-full-list-here-11724236414487.html,0.8699787259101868,0.08662694692611694,0.04339432343840599,-0.04323262348771095
191,ULTRACEMCO,UltraTech Secures $500mn Financing For Sustainability Initiatives,2024-08-27 11:33:14,Saur Energy International,https://www.saurenergy.com/solar-energy-news/ultratech-secures-500mn-financing-for-sustainability-initiatives,0.24969647824764252,0.00665143271908164,0.7436520457267761,0.7370006130076945
192,ULTRACEMCO,"Top 5 Stocks For August 27: Indian Hotels, Ultratech, HCL Tech In Focus",2024-08-27 11:33:14,Free Press Journal,https://www.freepressjournal.in/business/top-5-stocks-for-august-27-indian-hotels-ultratech-hcl-tech-in-focus,0.8650801777839661,0.018088607117533684,0.11683119088411331,0.09874258376657963
193,ULTRACEMCO,UltraTech Cement Share Price,2024-03-30 11:33:14,Business Standard,https://www.business-standard.com/markets/ultratech-cement-ltd-share-price-24951.html,0.9259256720542908,0.014571967534720898,0.05950230732560158,0.04493033979088068
194,ULTRACEMCO,Markets decline in early deals; trade marginally higher later,2024-08-29 11:33:14,Tribune India,https://www.tribuneindia.com/news/business/markets-decline-in-early-deals-trade-marginally-higher-later/,0.012399992905557156,0.8595878481864929,0.12801216542720795,-0.731575682759285
195,ULTRACEMCO,"UltraTech Cement, JK Cement, Dalmia Bharat: Axis Securities' 3 top stock picks after Q1 earnings – here's why",2024-08-23 11:33:14,MSN,https://www.msn.com/en-in/money/markets/ultratech-cement-jk-cement-dalmia-bharat-axis-securities-3-top-stock-picks-after-q1-earnings-here-s-why/ar-AA1p2q2a,0.8756800889968872,0.01691395230591297,0.10740593820810318,0.09049198590219021
196,WIPRO,"Stocks to buy: ITC, Wipro, Kotak Bank among 11 stocks that may rise 5-16% in next 3-4 weeks, say analysts",2024-08-23 11:33:15,Livemint,https://www.livemint.com/market/stock-market-news/stocks-to-buy-itc-wipro-kotak-bank-indusind-bank-mazagon-dock-bajaj-auto-among-11-stocks-that-may-rise-516-11724043195985.html,0.060182858258485794,0.01555471122264862,0.9242623448371887,0.9087076336145401
197,WIPRO,"NIFTY50 trades above 24,950, SENSEX jumps 500 points; TCS, Tech Mahindra, Wipro take the lead",2024-08-26 11:33:15,Upstox,https://upstox.com/news/market-news/trading/nifty-50-trades-above-24-950-sensex-jumps-500-points-tcs-tech-mahindra-wipro-take-the-lead/article-112675/,0.25168076157569885,0.026776932179927826,0.7215422987937927,0.6947653666138649
198,WIPRO,Wipro Share Price Today Up 4%,2024-08-28 11:33:15,Equitymaster,https://www.equitymaster.com/indian-share-markets/indian-share-markets-updates.asp?ID=1713,0.04225011169910431,0.017843784764409065,0.9399060606956482,0.9220622759312391
199,WIPRO,"Top Gainers and Losers on August 28: LTI Mindtree, Wipro and Divis Labs top NIFTY50 movers, check the full list",2024-08-29 11:33:15,Upstox,https://upstox.com/news/market-news/stocks/top-gainers-and-losers-on-august-28-lti-mindtree-wipro-and-divis-labs-top-nifty-movers-check-full-list/article-113385/,0.8741692900657654,0.09221858531236649,0.033612098544836044,-0.05860648676753044
